"ASIN Code","Product Title","Brand","Current Price (₹)","MRP (₹)","Best Seller Rank","Rating","Review Count","LQS Score","Sold By (Current)","BuyBox Winner","Has A+ Content","Image Count","Availability Status","Tags","Release Date"
"B0CX1P3BX3","","602-GOGO Shoppers","","","","","","","","No","No","","Available","365 + Days","4/3/2024, 12:00:00 am"
"B0CYCGGVQR","","602-GOGO Shoppers","","","","","","","","No","No","","Available","365 + Days","27/12/2022, 12:00:00 am"
"B0D5DBN1YQ","","602-GOGO Shoppers","","","","","","","","No","No","","Available","365 + Days","28/5/2024, 12:00:00 am"
"B0D5MJ7RQS","","602-GOGO Shoppers","","","","","","","","No","No","","Available","365 + Days","30/5/2024, 12:00:00 am"
"B0DSJLTY68","","602-GOGO Shoppers","","","","","","","","No","No","","Available","365 + Days","8/1/2025, 12:00:00 am"
"B0GQV3NFHR","","602-GOGO Shoppers","","","","","","","","No","No","","Available","180 Days","2/3/2026, 12:00:00 am"
"B0GQV3TFTH","","602-GOGO Shoppers","","","","","","","","No","No","","Available","180 Days","2/3/2026, 12:00:00 am"
"B0GSZ5V7SD","","602-GOGO Shoppers","","","","","","","","No","No","","Available","180 Days","18/3/2026, 12:00:00 am"
"B0GSZ9N497","","602-GOGO Shoppers","","","","","","","","No","No","","Available","180 Days","18/3/2026, 12:00:00 am"
"B0GT58ZNQ7","","602-GOGO Shoppers","","","","","","","","No","No","","Available","180 Days","19/3/2026, 12:00:00 am"
"B0GX9XZYQC","","602-GOGO Shoppers","","","","","","","","No","No","","Available","90Days","15/4/2026, 12:00:00 am"
"B0GXB2DG3D","","602-GOGO Shoppers","","","","","","","","No","No","","Available","90Days","15/4/2026, 12:00:00 am"
"B0GXWLFK4W","","602-GOGO Shoppers","","","","","","","","No","No","","Available","90Days","20/4/2026, 12:00:00 am"
"B0GXYHVM2D","","602-GOGO Shoppers","","","","","","","","No","No","","Available","90Days","25/4/2026, 12:00:00 am"
