"ASIN Code","Product Title","Current Price (₹)","Best Seller Rank"
"B08R911MKY","Yemark Adjustable Washing Machine Stand (40–64 cm) with Lockable Wheels | Heavy Duty Anti-Vibration Fridge Stand Trolley | Movable Base for Refrigerator, Dishwasher & Cooler","699","631064"
"B08RHN5Z8K","Yemark Heavy Duty Adjustable Washing Machine Stand (40–64 cm) with Lockable Wheels | Anti-Vibration Fridge Base Trolley | Movable Appliance Stand for Refrigerator & Washing Machine","699","484525"
"B0B6V97B1Z","Yemark Heavy Duty Front/Specially Design for Fully Automatic Washing Machine Fridge Troley Stand (Fully Automatic) (Metal and Plastic)(Minimum Size - 36cm x 36cm, Maximum Size 76cm x 76cm)","1998","85431"
"B0BGSN24Y8","Yemark Anti Vibration Pads for Washing Machine & Refrigerator | Heavy Duty Noise and Shock Absorbing Rubber Feet Stand | Anti Slip Washer Dryer Pads for Fridge, Furniture & Appliances (4 Piece)","250","62093"
"B0BRG1HY8M","Yemark Good Height (8 Inch from Ground), Side Addustable 24 Wheel Heavy Duty Front/Top Load Fully Automatic Washing Machine Stand & Fridge Stand (Metal and Plastic)(Min -36cmx36cm,Max -76cmx76cm)","1998","23914"
"B0D576VRQB","Yemark Heavy Duty Washing Machine Trolley Stand 40-64 cm | Adjustable Appliance Base with Wheels & Lock | Anti-Slip Refrigerator Stand for Fridge, Cooler, Dishwasher & Washing Machine","699","29636"
"B0DGCMWPJS","Yemark Heavy Duty Washing Machine Stand with Lockable Wheels | Adjustable Refrigerator Stand (40-64cm) | Anti-Vibration Multipurpose Base for Air Cooler & Dishwasher","699",""
"B0DH8DWW65","Yemark Vibration Pads Dryer Shock & Noise Cancelling Pads, Anti Vibration Pads, Height Adjustment Feet for Refrigerators, Refrigerator Stand, Washing Machine Stand,Furniture Base Stand, (4 Pcs Set)","329","1173618"
"B0DKTQDL36","Yemark Adjustable Washing Machine Stand 40-64 cm with Lock Wheels | Heavy Duty Movable Appliance Trolley Base for Refrigerator, Dishwasher & Cooler | Anti-Vibration Multi-Size Fridge Stand","699","150118"
"B0DP9ZPPMT","Yemark Stainless Steel Chopping Board 31 x 20.5 cm | Heavy Duty Cutting Board for Kitchen | Rust Resistant, Food Grade Steel, Easy Clean, Multipurpose Vegetable & Fruit Cutting Board","299","171431"
"B0DXZNH8G9","Yemark 24-Wheel Heavy Duty Washing Machine Trolley | Adjustable Refrigerator Stand with Stability Jacks | Multipurpose Base for Dishwasher, Cooler & Fridge (Size: 40cm to 73cm)","1399","725132"
"B0F26MKYDM","Yemark Stainless Steel Chopping Board 41 x 29 cm | Large Metal Cutting Board for Kitchen | Double Sided Food Grade Steel Board | Non-Porous, Odour Resistant & Easy to Clean","549","1986668"
"B0FJYB8V8N","Yemark Adjustable Washing Machine Trolley & Refrigerator Stand | Heavy Duty Multipurpose Movable Base with 360° Lockable Wheels | Anti-Vibration & Floor Protection (Size: 40cm to 64cm)","699","54936"
"B0FNDH7BKH","Yemark Multipurpose Chopping Board 35x25 cm Premium Kitchen Cutting Board for Meat, Vegetables & Fruits | Strong & Durable Home & Restaurant Use","399",""
"B0G5FYB261","Yemark Adjustable Washing Machine Stand 40-73 cm with Jack Support & 24 Wheels | Heavy Duty Appliance Trolley Base for Refrigerator, Cooler & Dishwasher","1399","849364"
"B0GFCYYWXG","Yemark Adjustable Washing Machine Stand with Wheels, Top Load Washing Machine Stands Fridge Stand Refrigerator Trolley (Minimum Size - 40cm x 40cm, Maximum Size 67cm x 67cm)","699","693599"
